-- phpMyAdmin SQL Dump
-- version 4.8.4
-- https://www.phpmyadmin.net/
--
-- Host: 127.0.0.1
-- Generation Time: Dec 17, 2019 at 12:22 PM
-- Server version: 10.1.37-MariaDB
-- PHP Version: 7.3.0

SET SQL_MODE = "NO_AUTO_VALUE_ON_ZERO";
SET AUTOCOMMIT = 0;
START TRANSACTION;
SET time_zone = "+00:00";


/*!40101 SET @OLD_CHARACTER_SET_CLIENT=@@CHARACTER_SET_CLIENT */;
/*!40101 SET @OLD_CHARACTER_SET_RESULTS=@@CHARACTER_SET_RESULTS */;
/*!40101 SET @OLD_COLLATION_CONNECTION=@@COLLATION_CONNECTION */;
/*!40101 SET NAMES utf8mb4 */;

--
-- Database: `mub_koperasi`
--

-- --------------------------------------------------------

--
-- Table structure for table `jns_akun`
--

CREATE TABLE `jns_akun` (
  `id` bigint(20) NOT NULL,
  `kd_aktiva` varchar(5) DEFAULT NULL,
  `jns_trans` varchar(50) NOT NULL,
  `akun` enum('Aktiva','Pasiva') DEFAULT NULL,
  `laba_rugi` enum('','PENDAPATAN','BIAYA') NOT NULL DEFAULT '',
  `pemasukan` enum('Y','N') DEFAULT NULL,
  `pengeluaran` enum('Y','N') DEFAULT NULL,
  `aktif` enum('Y','N') NOT NULL
) ENGINE=InnoDB DEFAULT CHARSET=utf8;

--
-- Dumping data for table `jns_akun`
--

INSERT INTO `jns_akun` (`id`, `kd_aktiva`, `jns_trans`, `akun`, `laba_rugi`, `pemasukan`, `pengeluaran`, `aktif`) VALUES
(5, 'A4', 'Piutang Usaha', 'Aktiva', '', 'Y', 'Y', 'Y'),
(6, 'A5', 'Piutang Karyawan', 'Aktiva', '', 'N', 'Y', 'N'),
(7, 'A6', 'Pinjaman Anggota', 'Aktiva', '', NULL, NULL, 'Y'),
(8, 'A7', 'Piutang Anggota', 'Aktiva', '', 'Y', 'Y', 'N'),
(9, 'A8', 'Persediaan Barang', 'Aktiva', '', 'N', 'Y', 'Y'),
(10, 'A9', 'Biaya Dibayar Dimuka', 'Aktiva', '', 'N', 'Y', 'Y'),
(11, 'A10', 'Perlengkapan Usaha', 'Aktiva', 'PENDAPATAN', 'Y', 'Y', 'Y'),
(17, 'C', 'Aktiva Tetap Berwujud', 'Aktiva', '', NULL, NULL, 'Y'),
(18, 'C1', 'Peralatan Kantor', 'Aktiva', '', 'N', 'Y', 'Y'),
(19, 'C2', 'Inventaris Kendaraan', 'Aktiva', '', 'N', 'Y', 'Y'),
(20, 'C3', 'Mesin', 'Aktiva', '', 'N', 'Y', 'Y'),
(21, 'C4', 'Aktiva Tetap Lainnya', 'Aktiva', '', 'Y', 'N', 'Y'),
(26, 'E', 'Modal Pribadi', 'Aktiva', '', NULL, NULL, 'N'),
(27, 'E1', 'Prive', 'Aktiva', '', 'Y', 'Y', 'N'),
(28, 'F', 'Utang', 'Pasiva', '', NULL, NULL, 'Y'),
(29, 'F1', 'Utang Usaha', 'Pasiva', '', 'Y', 'Y', 'Y'),
(31, 'K3', 'Pengeluaran Lainnya', 'Aktiva', '', 'N', 'Y', 'N'),
(32, 'F4', 'Simpanan Sukarela', 'Pasiva', '', NULL, NULL, 'Y'),
(33, 'F5', 'Utang Pajak', 'Pasiva', '', 'Y', 'Y', 'Y'),
(36, 'H', 'Utang Jangka Panjang', 'Pasiva', '', NULL, NULL, 'Y'),
(37, 'H1', 'Utang Bank', 'Pasiva', '', 'Y', 'Y', 'Y'),
(38, 'H2', 'Obligasi', 'Pasiva', '', 'Y', 'Y', 'N'),
(39, 'I', 'Modal', 'Pasiva', '', NULL, NULL, 'Y'),
(40, 'I1', 'Simpanan Pokok', 'Pasiva', '', NULL, NULL, 'Y'),
(41, 'I2', 'Simpanan Wajib', 'Pasiva', '', NULL, NULL, 'Y'),
(42, 'I3', 'Modal Awal', 'Pasiva', '', 'Y', 'Y', 'Y'),
(43, 'I4', 'Modal Penyertaan', 'Pasiva', '', 'Y', 'Y', 'N'),
(44, 'I5', 'Modal Sumbangan', 'Pasiva', '', 'Y', 'Y', 'Y'),
(45, 'I6', 'Modal Cadangan', 'Pasiva', '', 'Y', 'Y', 'Y'),
(47, 'J', 'Pendapatan', 'Pasiva', 'PENDAPATAN', NULL, NULL, 'Y'),
(48, 'J1', 'Pembayaran Angsuran', 'Pasiva', '', NULL, NULL, 'Y'),
(49, 'J2', 'Pendapatan Lainnya', 'Pasiva', 'PENDAPATAN', 'Y', 'N', 'Y'),
(50, 'K', 'Beban', 'Aktiva', '', NULL, NULL, 'Y'),
(52, 'K2', 'Beban Gaji Karyawan', 'Aktiva', 'BIAYA', 'N', 'Y', 'Y'),
(53, 'K3', 'Biaya Listrik dan Air', 'Aktiva', 'BIAYA', 'N', 'Y', 'Y'),
(54, 'K4', 'Biaya Transportasi', 'Aktiva', 'BIAYA', 'N', 'Y', 'Y'),
(60, 'K10', 'Biaya Lainnya', 'Aktiva', 'BIAYA', 'N', 'Y', 'Y'),
(110, 'TRF', 'Transfer Antar Kas', NULL, '', NULL, NULL, 'N'),
(111, 'A11', 'Permisalan', 'Aktiva', '', 'Y', 'Y', 'Y'),
(114, 'A', 'Aktiva Lancar', 'Aktiva', '', 'Y', 'Y', 'Y');

-- --------------------------------------------------------

--
-- Table structure for table `jns_angsuran`
--

CREATE TABLE `jns_angsuran` (
  `id` bigint(20) NOT NULL,
  `ket` int(11) NOT NULL,
  `aktif` enum('Y','T','','') NOT NULL
) ENGINE=InnoDB DEFAULT CHARSET=utf8;

--
-- Dumping data for table `jns_angsuran`
--

INSERT INTO `jns_angsuran` (`id`, `ket`, `aktif`) VALUES
(1, 1, 'Y'),
(2, 6, 'Y'),
(3, 18, 'Y'),
(11, 24, 'Y'),
(12, 36, 'Y'),
(13, 5, 'Y'),
(14, 15, 'Y'),
(15, 12, 'Y');

-- --------------------------------------------------------

--
-- Table structure for table `jns_simpan`
--

CREATE TABLE `jns_simpan` (
  `id` int(5) NOT NULL,
  `jns_simpan` varchar(30) NOT NULL,
  `jumlah` double NOT NULL,
  `tampil` enum('Y','T') NOT NULL
) ENGINE=InnoDB DEFAULT CHARSET=utf8;

--
-- Dumping data for table `jns_simpan`
--

INSERT INTO `jns_simpan` (`id`, `jns_simpan`, `jumlah`, `tampil`) VALUES
(32, 'Simpanan Sukarela', 10000, 'Y'),
(40, 'Simpanan Pokok', 10000, 'Y'),
(41, 'Simpanan Wajib', 500000, 'Y');

-- --------------------------------------------------------

--
-- Table structure for table `nama_kas_tbl`
--

CREATE TABLE `nama_kas_tbl` (
  `id` bigint(20) NOT NULL,
  `nama` varchar(225) CHARACTER SET latin1 NOT NULL,
  `aktif` enum('Y','T') CHARACTER SET latin1 NOT NULL,
  `tmpl_simpan` enum('Y','T') CHARACTER SET latin1 NOT NULL,
  `tmpl_penarikan` enum('Y','T') CHARACTER SET latin1 NOT NULL,
  `tmpl_pinjaman` enum('Y','T') CHARACTER SET latin1 NOT NULL,
  `tmpl_bayar` enum('Y','T') CHARACTER SET latin1 NOT NULL,
  `tmpl_pemasukan` enum('Y','T') NOT NULL,
  `tmpl_pengeluaran` enum('Y','T') NOT NULL,
  `tmpl_transfer` enum('Y','T') NOT NULL
) ENGINE=InnoDB DEFAULT CHARSET=utf8;

--
-- Dumping data for table `nama_kas_tbl`
--

INSERT INTO `nama_kas_tbl` (`id`, `nama`, `aktif`, `tmpl_simpan`, `tmpl_penarikan`, `tmpl_pinjaman`, `tmpl_bayar`, `tmpl_pemasukan`, `tmpl_pengeluaran`, `tmpl_transfer`) VALUES
(2, 'Kas Besar', 'Y', 'T', 'T', 'Y', 'T', 'Y', 'Y', 'Y'),
(3, 'Bank BNI', 'Y', 'T', 'Y', 'T', 'T', 'Y', 'Y', 'Y'),
(5, 'SHU', 'T', 'T', 'T', 'Y', 'Y', 'Y', 'Y', 'Y');

-- --------------------------------------------------------

--
-- Table structure for table `pekerjaan`
--

CREATE TABLE `pekerjaan` (
  `id_kerja` varchar(5) NOT NULL,
  `jenis_kerja` varchar(30) NOT NULL
) ENGINE=MyISAM DEFAULT CHARSET=latin1;

--
-- Dumping data for table `pekerjaan`
--

INSERT INTO `pekerjaan` (`id_kerja`, `jenis_kerja`) VALUES
('1', 'TNI'),
('2', 'PNS'),
('3', 'Karyawan Swasta'),
('4', 'Guru'),
('5', 'Buruh'),
('6', 'Tani'),
('7', 'Pedagang'),
('8', 'Wiraswasta'),
('9', 'Mengurus Rumah Tangga'),
('99', 'Lainnya'),
('98', 'Pensiunan'),
('97', 'Penjahit');

-- --------------------------------------------------------

--
-- Table structure for table `suku_bunga`
--

CREATE TABLE `suku_bunga` (
  `id` int(10) NOT NULL,
  `opsi_key` varchar(20) NOT NULL,
  `opsi_val` varchar(255) DEFAULT NULL
) ENGINE=InnoDB DEFAULT CHARSET=utf8;

--
-- Dumping data for table `suku_bunga`
--

INSERT INTO `suku_bunga` (`id`, `opsi_key`, `opsi_val`) VALUES
(1, 'bg_tab', '5'),
(2, 'bg_pinjam', '20'),
(3, 'biaya_adm', '50000'),
(4, 'denda', '10000'),
(5, 'denda_hari', '10'),
(6, 'dana_cadangan', '30'),
(7, 'jasa_anggota', '25'),
(8, 'dana_pengurus', '50'),
(9, 'dana_karyawan', '50'),
(10, 'dana_pend', '50'),
(11, 'dana_sosial', '50'),
(12, 'jasa_usaha', '70'),
(13, 'jasa_modal', '25'),
(14, 'pjk_pph', '10'),
(15, 'pinjaman_bunga_tipe', 'B');

-- --------------------------------------------------------

--
-- Table structure for table `tbl_anggota`
--

CREATE TABLE `tbl_anggota` (
  `id` bigint(20) NOT NULL,
  `nama` varchar(255) CHARACTER SET latin1 NOT NULL,
  `identitas` varchar(255) NOT NULL,
  `jk` enum('L','P') NOT NULL,
  `tmp_lahir` varchar(225) NOT NULL,
  `tgl_lahir` date NOT NULL,
  `status` enum('Belum Kawin','Kawin','Cerai Hidup','Cerai Mati','Lainnya') NOT NULL,
  `agama` enum('Islam','Katolik','Protestan','Hindu','Budha','Lainnya') NOT NULL,
  `departement` enum('','Produksi BOPP','Produksi Slitting','WH','QA','HRD','GA','Purchasing','Accounting','Engineering') NOT NULL,
  `pekerjaan` varchar(30) NOT NULL,
  `alamat` text CHARACTER SET latin1 NOT NULL,
  `kota` varchar(255) NOT NULL,
  `notelp` varchar(12) NOT NULL,
  `tgl_daftar` date NOT NULL,
  `jabatan` enum('Pengurus','Anggota') NOT NULL,
  `aktif` enum('Y','N') NOT NULL,
  `pass_word` varchar(225) NOT NULL,
  `file_pic` varchar(225) NOT NULL,
  `user_id` bigint(20) NOT NULL
) ENGINE=InnoDB DEFAULT CHARSET=utf8;

--
-- Dumping data for table `tbl_anggota`
--

INSERT INTO `tbl_anggota` (`id`, `nama`, `identitas`, `jk`, `tmp_lahir`, `tgl_lahir`, `status`, `agama`, `departement`, `pekerjaan`, `alamat`, `kota`, `notelp`, `tgl_daftar`, `jabatan`, `aktif`, `pass_word`, `file_pic`, `user_id`) VALUES
(1, 'Sugiono', 'sugi', 'L', 'Semarang', '2019-12-03', 'Cerai Hidup', 'Islam', 'WH', 'PNS', 'Depok Jawa Barat', 'Depok', '089678265696', '2019-12-27', 'Anggota', 'Y', 'tes', '', 0),
(2, 'sukiyem', 'suikyem', 'L', 'Surabaya', '0000-00-00', 'Cerai Mati', 'Islam', 'WH', 'Wiraswasta', 'gaatu', 'jakarta', '089678265696', '0000-00-00', 'Pengurus', 'Y', '202cb962ac59075b964b07152d234b70', '', 0),
(4, 'miirah', 'mirrahs', 'P', 'Tangerang', '0000-00-00', 'Belum Kawin', 'Islam', 'Accounting', 'Mahasiswa', 'Pamulang', 'Tangerang', '089728498394', '0000-00-00', 'Anggota', 'Y', '202cb962ac59075b964b07152d234b70', '', 0),
(5, 'Mahdi Widiantoyu', 'mahdi', 'L', 'beaksi', '0000-00-00', 'Belum Kawin', 'Islam', 'Purchasing', 'Mahasiswa', '    bekasi    ', 'bekasi', '089787979793', '2019-12-06', 'Pengurus', 'Y', '7f6ffaa6bb0b408017b62254211691b5', '', 8),
(6, 'Ayuuuuuuuu', 'ayu', 'L', 'jkt', '0000-00-00', 'Kawin', 'Islam', 'Produksi BOPP', 'TNI', '    jkt    ', 'dpk', '089786767454', '2019-12-03', 'Pengurus', 'Y', 'd41d8cd98f00b204e9800998ecf8427e', '', 0),
(7, 'Sahrul Juliansyah', 'Sahrul', 'L', 'Bogor', '0000-00-00', 'Belum Kawin', 'Islam', 'HRD', 'Lainnya', 'Jalan miun', 'Depok', '089704930022', '0000-00-00', 'Pengurus', 'Y', '202cb962ac59075b964b07152d234b70', '', 0);

-- --------------------------------------------------------

--
-- Table structure for table `tbl_barang`
--

CREATE TABLE `tbl_barang` (
  `id` bigint(20) NOT NULL,
  `nm_barang` varchar(255) NOT NULL,
  `type` varchar(50) NOT NULL,
  `merk` varchar(50) NOT NULL,
  `harga` double NOT NULL,
  `jml_brg` int(11) NOT NULL,
  `ket` varchar(255) NOT NULL
) ENGINE=InnoDB DEFAULT CHARSET=latin1;

--
-- Dumping data for table `tbl_barang`
--

INSERT INTO `tbl_barang` (`id`, `nm_barang`, `type`, `merk`, `harga`, `jml_brg`, `ket`) VALUES
(1, 'Lemari Es', 'Elektronik', 'Toshiba', 500000, 3, ''),
(2, 'Komputer', 'K300 Corei3', 'Asus', 5000000, 1, ''),
(3, 'Kompor Gas', 'Tr675000', 'Rinai', 100000, 6, ''),
(4, 'Pinjaman Uang', 'Uang', '-', 0, 0, '');

-- --------------------------------------------------------

--
-- Table structure for table `tbl_pengajuan`
--

CREATE TABLE `tbl_pengajuan` (
  `id` bigint(20) NOT NULL,
  `no_ajuan` int(11) NOT NULL,
  `ajuan_id` varchar(255) NOT NULL,
  `anggota_id` bigint(20) NOT NULL,
  `tgl_input` datetime NOT NULL,
  `jenis` varchar(255) NOT NULL,
  `nominal` bigint(20) NOT NULL,
  `lama_ags` int(11) NOT NULL,
  `keterangan` varchar(255) NOT NULL,
  `status` tinyint(4) NOT NULL,
  `alasan` varchar(255) NOT NULL,
  `tgl_cair` date NOT NULL,
  `tgl_update` datetime NOT NULL
) ENGINE=InnoDB DEFAULT CHARSET=utf8;

--
-- Dumping data for table `tbl_pengajuan`
--

INSERT INTO `tbl_pengajuan` (`id`, `no_ajuan`, `ajuan_id`, `anggota_id`, `tgl_input`, `jenis`, `nominal`, `lama_ags`, `keterangan`, `status`, `alasan`, `tgl_cair`, `tgl_update`) VALUES
(1, 1, '8.16.05.001', 5, '2019-12-12 00:00:00', 'Biasa', 7000000, 6, 'Pribadi', 1, 'Sip', '0000-00-00', '0000-00-00 00:00:00');

-- --------------------------------------------------------

--
-- Table structure for table `tbl_pinjaman_d`
--

CREATE TABLE `tbl_pinjaman_d` (
  `id` bigint(20) NOT NULL,
  `tgl_bayar` datetime NOT NULL,
  `pinjam_id` bigint(20) NOT NULL,
  `angsuran_ke` bigint(20) NOT NULL,
  `jumlah_bayar` int(11) NOT NULL,
  `denda_rp` int(11) NOT NULL,
  `terlambat` int(11) NOT NULL,
  `ket_bayar` enum('Angsuran','Pelunasan','Bayar Denda') NOT NULL,
  `dk` enum('D','K') NOT NULL,
  `kas_id` bigint(20) NOT NULL,
  `jns_trans` bigint(20) NOT NULL,
  `update_data` datetime NOT NULL,
  `user_name` varchar(255) NOT NULL,
  `keterangan` varchar(255) NOT NULL
) ENGINE=InnoDB DEFAULT CHARSET=utf8;

--
-- Dumping data for table `tbl_pinjaman_d`
--

INSERT INTO `tbl_pinjaman_d` (`id`, `tgl_bayar`, `pinjam_id`, `angsuran_ke`, `jumlah_bayar`, `denda_rp`, `terlambat`, `ket_bayar`, `dk`, `kas_id`, `jns_trans`, `update_data`, `user_name`, `keterangan`) VALUES
(2, '2019-12-26 00:00:00', 4, 1, 30000, 5000, 0, 'Angsuran', 'D', 3, 48, '0000-00-00 00:00:00', 'catur', 'good'),
(3, '2019-12-27 00:00:00', 4, 2, 15000, 2500, 0, 'Angsuran', 'D', 2, 48, '0000-00-00 00:00:00', 'catur', 'good'),
(4, '2019-12-14 00:00:00', 2, 1, 1060800, 0, 0, 'Pelunasan', 'D', 3, 48, '0000-00-00 00:00:00', 'catur', 'lunas');

-- --------------------------------------------------------

--
-- Table structure for table `tbl_pinjaman_h`
--

CREATE TABLE `tbl_pinjaman_h` (
  `id` bigint(20) NOT NULL,
  `tgl_pinjam` datetime NOT NULL,
  `anggota_id` bigint(20) NOT NULL,
  `barang_id` bigint(20) NOT NULL,
  `lama_angsuran` bigint(20) NOT NULL,
  `jumlah` int(11) NOT NULL,
  `bunga` float(10,2) NOT NULL,
  `biaya_adm` int(11) NOT NULL,
  `lunas` enum('Belum','Lunas') NOT NULL,
  `dk` enum('D','K') NOT NULL,
  `kas_id` bigint(20) NOT NULL,
  `jns_trans` bigint(20) NOT NULL,
  `update_data` datetime NOT NULL,
  `user_name` varchar(255) NOT NULL,
  `keterangan` varchar(255) NOT NULL,
  `contoh` int(23) NOT NULL
) ENGINE=InnoDB DEFAULT CHARSET=utf8;

--
-- Dumping data for table `tbl_pinjaman_h`
--

INSERT INTO `tbl_pinjaman_h` (`id`, `tgl_pinjam`, `anggota_id`, `barang_id`, `lama_angsuran`, `jumlah`, `bunga`, `biaya_adm`, `lunas`, `dk`, `kas_id`, `jns_trans`, `update_data`, `user_name`, `keterangan`, `contoh`) VALUES
(2, '2019-12-07 00:00:00', 2, 4, 6, 1000000, 0.07, 10000, 'Lunas', 'D', 3, 7, '0000-00-00 00:00:00', 'catur', 'Tes', 99),
(4, '2019-12-03 00:00:00', 5, 1, 18, 90000, 0.25, 70000, 'Belum', 'K', 2, 7, '2019-12-14 02:22:00', 'catur', 'coba lagi', 12),
(8, '2019-12-11 00:00:00', 5, 1, 5, 50000, 0.10, 25000, 'Belum', 'K', 3, 7, '0000-00-00 00:00:00', 'catur', 'Tes beli kulkas bunga 5%', 0),
(9, '2019-12-11 00:00:00', 4, 2, 24, 5000000, 0.09, 50000, 'Belum', 'K', 2, 7, '2019-12-14 02:48:00', 'catur', 'tes buat bunga 12 persen\r\n', 0),
(10, '2019-12-11 00:00:00', 2, 2, 36, 5000000, 0.15, 75000, 'Belum', 'K', 3, 7, '0000-00-00 00:00:00', 'catur', 'bunga 15 persen', 0),
(11, '0000-00-00 00:00:00', 1, 2, 6, 5000000, 0.30, 40000, 'Belum', 'K', 2, 7, '0000-00-00 00:00:00', 'catur', 'bunga 30 persen', 0);

-- --------------------------------------------------------

--
-- Table structure for table `tbl_setting`
--

CREATE TABLE `tbl_setting` (
  `id` bigint(20) NOT NULL,
  `opsi_key` varchar(255) NOT NULL,
  `opsi_val` varchar(255) NOT NULL
) ENGINE=InnoDB DEFAULT CHARSET=utf8;

--
-- Dumping data for table `tbl_setting`
--

INSERT INTO `tbl_setting` (`id`, `opsi_key`, `opsi_val`) VALUES
(1, 'nama_lembaga', 'KOPERASI MITRA USAHA BERDIKARI JAYA'),
(2, 'nama_ketua', 'BAMBANG '),
(3, 'hp_ketua', '08123235469'),
(4, 'alamat', 'Jl. Jati Padang Raya no.100 Jakarta Selatan'),
(5, 'telepon', '021-123456780'),
(6, 'kota', 'Jakarta Selatan'),
(7, 'email', 'mub_koperasi@gmail.co.id'),
(8, 'web', 'mub-koperasi.blogspot.co.id');

-- --------------------------------------------------------

--
-- Table structure for table `tbl_trans_kas`
--

CREATE TABLE `tbl_trans_kas` (
  `id` bigint(20) NOT NULL,
  `tgl_catat` datetime NOT NULL,
  `jumlah` double NOT NULL,
  `keterangan` varchar(255) NOT NULL,
  `akun` enum('Pemasukan','Pengeluaran','Transfer') NOT NULL,
  `dari_kas_id` bigint(20) DEFAULT NULL,
  `untuk_kas_id` bigint(20) DEFAULT NULL,
  `jns_trans` bigint(20) DEFAULT NULL,
  `dk` enum('D','K') DEFAULT NULL,
  `update_data` datetime NOT NULL,
  `user_name` varchar(255) NOT NULL
) ENGINE=InnoDB DEFAULT CHARSET=utf8;

--
-- Dumping data for table `tbl_trans_kas`
--

INSERT INTO `tbl_trans_kas` (`id`, `tgl_catat`, `jumlah`, `keterangan`, `akun`, `dari_kas_id`, `untuk_kas_id`, `jns_trans`, `dk`, `update_data`, `user_name`) VALUES
(2, '0000-00-00 00:00:00', 2500000, 'Keterangan', 'Pemasukan', NULL, 3, 33, 'D', '2019-12-15 15:33:00', 'catur'),
(4, '0000-00-00 00:00:00', 5000000, 'bgg', 'Pemasukan', NULL, 2, 32, 'D', '0000-00-00 00:00:00', 'catur'),
(6, '0000-00-00 00:00:00', 70000, 'Good', 'Pemasukan', NULL, 3, 32, 'D', '2019-12-11 08:22:00', 'catur'),
(7, '2019-12-28 00:00:00', 1908980, 'Ini buat transer tante ya hehehoho', 'Transfer', 5, 2, 27, 'K', '2019-12-11 15:37:00', 'catur'),
(8, '0000-00-00 00:00:00', 4000009, 'Uhuyyyde', 'Pemasukan', NULL, 3, 19, 'D', '2019-12-11 14:24:00', 'catur'),
(11, '0000-00-00 00:00:00', 7500000, 'Baru Semoga Fix Yaallah', 'Pengeluaran', 2, NULL, 36, 'K', '2019-12-11 14:28:00', 'catur'),
(12, '0000-00-00 00:00:00', 290000, 'Gimana', 'Pengeluaran', 5, NULL, 17, 'K', '0000-00-00 00:00:00', 'catur'),
(13, '0000-00-00 00:00:00', 6900000, 'Terakhir', 'Pengeluaran', 2, NULL, 10, 'K', '0000-00-00 00:00:00', 'catur'),
(16, '0000-00-00 00:00:00', 17000000, 'Coba2', 'Transfer', 2, 5, 110, NULL, '0000-00-00 00:00:00', 'catur'),
(17, '0000-00-00 00:00:00', 6789900, 'Coba3', 'Transfer', 2, 3, 110, NULL, '2019-12-11 15:38:00', 'catur'),
(19, '0000-00-00 00:00:00', 100000, 'uy', 'Pemasukan', NULL, 3, 110, 'D', '2019-12-15 15:33:00', 'catur'),
(20, '0000-00-00 00:00:00', 750000, 'uhuy', 'Pengeluaran', 2, NULL, 9, 'K', '2019-12-15 15:35:00', 'catur'),
(21, '0000-00-00 00:00:00', 10000, 'uy', 'Transfer', 2, 3, 110, NULL, '2019-12-15 15:36:00', 'catur');

-- --------------------------------------------------------

--
-- Table structure for table `tbl_trans_sp`
--

CREATE TABLE `tbl_trans_sp` (
  `id` bigint(20) NOT NULL,
  `tgl_transaksi` datetime NOT NULL,
  `anggota_id` bigint(20) NOT NULL,
  `jenis_id` int(5) NOT NULL,
  `jumlah` double NOT NULL,
  `keterangan` varchar(255) NOT NULL,
  `akun` enum('Setoran','Penarikan') NOT NULL,
  `dk` enum('D','K') NOT NULL,
  `kas_id` bigint(20) NOT NULL,
  `update_data` datetime NOT NULL,
  `user_name` varchar(255) NOT NULL,
  `nama_penyetor` varchar(255) NOT NULL,
  `no_identitas` varchar(20) NOT NULL,
  `alamat` varchar(255) NOT NULL
) ENGINE=InnoDB DEFAULT CHARSET=utf8;

--
-- Dumping data for table `tbl_trans_sp`
--

INSERT INTO `tbl_trans_sp` (`id`, `tgl_transaksi`, `anggota_id`, `jenis_id`, `jumlah`, `keterangan`, `akun`, `dk`, `kas_id`, `update_data`, `user_name`, `nama_penyetor`, `no_identitas`, `alamat`) VALUES
(1, '2019-12-27 00:00:00', 5, 32, 900000, 'coba', 'Setoran', 'D', 2, '2019-12-19 00:00:00', 'pinjaman', 'Mahdi Widianto', '00111', 'Bekasi'),
(3, '0000-00-00 00:00:00', 2, 40, 500000, 'Ada dah', 'Setoran', 'D', 5, '2019-12-12 10:10:00', 'catur', 'Catur Bagaskar', '327605110699', 'Jalan kesadaran no.46 rt.03/09 sukmajaya depok'),
(4, '0000-00-00 00:00:00', 5, 40, 1000000, 'buat bagas ok', 'Setoran', 'D', 2, '2019-12-12 10:11:00', 'catur', 'Bagus hadiwijaya', '9090223090', 'Kebagusan jabar'),
(5, '0000-00-00 00:00:00', 4, 40, 240000, 'Bagus', 'Setoran', 'D', 3, '0000-00-00 00:00:00', 'catur', 'saya', '0900000', 'Depok'),
(6, '0000-00-00 00:00:00', 1, 32, 20000, 'good', 'Setoran', 'D', 2, '2019-12-12 10:09:00', 'catur', 'saya', '90', 'ansks'),
(7, '0000-00-00 00:00:00', 2, 40, 50000, 'edit bagus', 'Penarikan', 'K', 2, '2019-12-14 12:59:00', 'catur', 'bagas Hehe', '20011', 'dpeok GDC'),
(9, '0000-00-00 00:00:00', 5, 32, 90000, 'Buat beli SSD plus RAM', 'Penarikan', 'K', 5, '2019-12-12 15:12:00', 'catur', 'Saya adalah', '890902', 'Depok ajaba'),
(11, '0000-00-00 00:00:00', 2, 40, 1200000, 'Buat makan', 'Penarikan', 'K', 3, '0000-00-00 00:00:00', 'catur', 'MirrahAnisa', '32760599092', 'Pejaten Village'),
(12, '0000-00-00 00:00:00', 1, 40, 10000, 'ket', 'Penarikan', 'K', 5, '0000-00-00 00:00:00', 'catur', 'saya', '121', 'pop'),
(13, '0000-00-00 00:00:00', 1, 41, 100000, 'gud', 'Penarikan', 'K', 3, '2019-12-14 13:05:00', 'catur', 'sahrul', '011', 'jlk');

-- --------------------------------------------------------

--
-- Table structure for table `tbl_user`
--

CREATE TABLE `tbl_user` (
  `id` bigint(20) NOT NULL,
  `u_name` varchar(255) NOT NULL,
  `pass_word` varchar(255) NOT NULL,
  `aktif` enum('Y','N') NOT NULL,
  `level` enum('admin','operator','pinjaman','anggota') NOT NULL
) ENGINE=InnoDB DEFAULT CHARSET=utf8;

--
-- Dumping data for table `tbl_user`
--

INSERT INTO `tbl_user` (`id`, `u_name`, `pass_word`, `aktif`, `level`) VALUES
(1, 'admin', '224bec3dd08832bc6a69873f15a50df406045f40', 'Y', 'admin'),
(4, 'operator', '4b583376b2767b923c3e1da60d10de59', 'Y', 'operator'),
(5, 'pinjaman', 'baba9bce7b50047071735ffeda397301', 'Y', 'pinjaman'),
(7, 'catur', '21232f297a57a5a743894a0e4a801fc3', 'Y', 'admin'),
(8, 'anggota', 'dfb9e85bc0da607ff76e0559c62537e8', 'Y', 'anggota');

-- --------------------------------------------------------

--
-- Stand-in structure for view `v_hitung_pinjaman`
-- (See below for the actual view)
--
CREATE TABLE `v_hitung_pinjaman` (
`id` bigint(20)
,`tgl_pinjam` datetime
,`anggota_id` bigint(20)
,`lama_angsuran` bigint(20)
,`jumlah` int(11)
,`bunga` float(10,2)
,`biaya_adm` int(11)
,`lunas` enum('Belum','Lunas')
,`dk` enum('D','K')
,`kas_id` bigint(20)
,`user_name` varchar(255)
,`pokok_angsuran` decimal(14,4)
,`bunga_pinjaman` double(17,0)
,`ags_per_bulan` double(17,0)
,`tempo` datetime
,`tagihan` double(17,0)
,`keterangan` varchar(255)
,`barang_id` bigint(20)
,`bln_sudah_angsur` bigint(20)
);

-- --------------------------------------------------------

--
-- Stand-in structure for view `v_transaksi`
-- (See below for the actual view)
--
CREATE TABLE `v_transaksi` (
`tbl` varchar(1)
,`id` bigint(20)
,`tgl` datetime
,`kredit` double
,`debet` double
,`dari_kas` bigint(20)
,`untuk_kas` bigint(20)
,`transaksi` bigint(20)
,`ket` varchar(255)
,`user` varchar(255)
);

-- --------------------------------------------------------

--
-- Structure for view `v_hitung_pinjaman`
--
DROP TABLE IF EXISTS `v_hitung_pinjaman`;

CREATE ALGORITHM=UNDEFINED DEFINER=`root`@`localhost` SQL SECURITY DEFINER VIEW `v_hitung_pinjaman`  AS  select `tbl_pinjaman_h`.`id` AS `id`,`tbl_pinjaman_h`.`tgl_pinjam` AS `tgl_pinjam`,`tbl_pinjaman_h`.`anggota_id` AS `anggota_id`,`tbl_pinjaman_h`.`lama_angsuran` AS `lama_angsuran`,`tbl_pinjaman_h`.`jumlah` AS `jumlah`,`tbl_pinjaman_h`.`bunga` AS `bunga`,`tbl_pinjaman_h`.`biaya_adm` AS `biaya_adm`,`tbl_pinjaman_h`.`lunas` AS `lunas`,`tbl_pinjaman_h`.`dk` AS `dk`,`tbl_pinjaman_h`.`kas_id` AS `kas_id`,`tbl_pinjaman_h`.`user_name` AS `user_name`,(`tbl_pinjaman_h`.`jumlah` / `tbl_pinjaman_h`.`lama_angsuran`) AS `pokok_angsuran`,round(ceiling((((`tbl_pinjaman_h`.`jumlah` / `tbl_pinjaman_h`.`lama_angsuran`) * `tbl_pinjaman_h`.`bunga`) / 100)),-(2)) AS `bunga_pinjaman`,round(ceiling((((((((`tbl_pinjaman_h`.`jumlah` / `tbl_pinjaman_h`.`lama_angsuran`) * `tbl_pinjaman_h`.`bunga`) / 100) + (`tbl_pinjaman_h`.`jumlah` / `tbl_pinjaman_h`.`lama_angsuran`)) + `tbl_pinjaman_h`.`biaya_adm`) * 100) / 100)),-(2)) AS `ags_per_bulan`,(`tbl_pinjaman_h`.`tgl_pinjam` + interval `tbl_pinjaman_h`.`lama_angsuran` month) AS `tempo`,(round(ceiling((((((((`tbl_pinjaman_h`.`jumlah` / `tbl_pinjaman_h`.`lama_angsuran`) * `tbl_pinjaman_h`.`bunga`) / 100) + (`tbl_pinjaman_h`.`jumlah` / `tbl_pinjaman_h`.`lama_angsuran`)) + `tbl_pinjaman_h`.`biaya_adm`) * 100) / 100)),-(2)) * `tbl_pinjaman_h`.`lama_angsuran`) AS `tagihan`,`tbl_pinjaman_h`.`keterangan` AS `keterangan`,`tbl_pinjaman_h`.`barang_id` AS `barang_id`,ifnull(max(`tbl_pinjaman_d`.`angsuran_ke`),0) AS `bln_sudah_angsur` from (`tbl_pinjaman_h` left join `tbl_pinjaman_d` on((`tbl_pinjaman_h`.`id` = `tbl_pinjaman_d`.`pinjam_id`))) group by `tbl_pinjaman_h`.`id` ;

-- --------------------------------------------------------

--
-- Structure for view `v_transaksi`
--
DROP TABLE IF EXISTS `v_transaksi`;

CREATE ALGORITHM=UNDEFINED DEFINER=`root`@`localhost` SQL SECURITY DEFINER VIEW `v_transaksi`  AS  select 'A' AS `tbl`,`tbl_pinjaman_h`.`id` AS `id`,`tbl_pinjaman_h`.`tgl_pinjam` AS `tgl`,`tbl_pinjaman_h`.`jumlah` AS `kredit`,0 AS `debet`,`tbl_pinjaman_h`.`kas_id` AS `dari_kas`,NULL AS `untuk_kas`,`tbl_pinjaman_h`.`jns_trans` AS `transaksi`,`tbl_pinjaman_h`.`keterangan` AS `ket`,`tbl_pinjaman_h`.`user_name` AS `user` from `tbl_pinjaman_h` union select 'B' AS `tbl`,`tbl_pinjaman_d`.`id` AS `id`,`tbl_pinjaman_d`.`tgl_bayar` AS `tgl`,0 AS `kredit`,`tbl_pinjaman_d`.`jumlah_bayar` AS `debet`,NULL AS `dari_kas`,`tbl_pinjaman_d`.`kas_id` AS `untuk_kas`,`tbl_pinjaman_d`.`jns_trans` AS `transaksi`,`tbl_pinjaman_d`.`keterangan` AS `ket`,`tbl_pinjaman_d`.`user_name` AS `user` from `tbl_pinjaman_d` union select 'C' AS `tbl`,`tbl_trans_sp`.`id` AS `id`,`tbl_trans_sp`.`tgl_transaksi` AS `tgl`,if((`tbl_trans_sp`.`dk` = 'K'),`tbl_trans_sp`.`jumlah`,0) AS `kredit`,if((`tbl_trans_sp`.`dk` = 'D'),`tbl_trans_sp`.`jumlah`,0) AS `debet`,if((`tbl_trans_sp`.`dk` = 'K'),`tbl_trans_sp`.`kas_id`,NULL) AS `dari_kas`,if((`tbl_trans_sp`.`dk` = 'D'),`tbl_trans_sp`.`kas_id`,NULL) AS `untuk_kas`,`tbl_trans_sp`.`jenis_id` AS `transaksi`,`tbl_trans_sp`.`keterangan` AS `ket`,`tbl_trans_sp`.`user_name` AS `user` from `tbl_trans_sp` union select 'D' AS `tbl`,`tbl_trans_kas`.`id` AS `id`,`tbl_trans_kas`.`tgl_catat` AS `tgl`,if((`tbl_trans_kas`.`dk` = 'K'),`tbl_trans_kas`.`jumlah`,if(isnull(`tbl_trans_kas`.`dk`),`tbl_trans_kas`.`jumlah`,0)) AS `kredit`,if((`tbl_trans_kas`.`dk` = 'D'),`tbl_trans_kas`.`jumlah`,if(isnull(`tbl_trans_kas`.`dk`),`tbl_trans_kas`.`jumlah`,0)) AS `debet`,`tbl_trans_kas`.`dari_kas_id` AS `dari_kas`,`tbl_trans_kas`.`untuk_kas_id` AS `untuk_kas`,`tbl_trans_kas`.`jns_trans` AS `transaksi`,`tbl_trans_kas`.`keterangan` AS `ket`,`tbl_trans_kas`.`user_name` AS `user` from `tbl_trans_kas` order by `tgl` ;

--
-- Indexes for dumped tables
--

--
-- Indexes for table `jns_akun`
--
ALTER TABLE `jns_akun`
  ADD PRIMARY KEY (`id`),
  ADD KEY `kd_aktiva` (`kd_aktiva`);

--
-- Indexes for table `jns_angsuran`
--
ALTER TABLE `jns_angsuran`
  ADD PRIMARY KEY (`id`);

--
-- Indexes for table `jns_simpan`
--
ALTER TABLE `jns_simpan`
  ADD PRIMARY KEY (`id`);

--
-- Indexes for table `nama_kas_tbl`
--
ALTER TABLE `nama_kas_tbl`
  ADD PRIMARY KEY (`id`);

--
-- Indexes for table `suku_bunga`
--
ALTER TABLE `suku_bunga`
  ADD PRIMARY KEY (`id`);

--
-- Indexes for table `tbl_anggota`
--
ALTER TABLE `tbl_anggota`
  ADD PRIMARY KEY (`id`),
  ADD UNIQUE KEY `identitas` (`identitas`);

--
-- Indexes for table `tbl_barang`
--
ALTER TABLE `tbl_barang`
  ADD PRIMARY KEY (`id`);

--
-- Indexes for table `tbl_pengajuan`
--
ALTER TABLE `tbl_pengajuan`
  ADD PRIMARY KEY (`id`),
  ADD KEY `user_id` (`anggota_id`);

--
-- Indexes for table `tbl_pinjaman_d`
--
ALTER TABLE `tbl_pinjaman_d`
  ADD PRIMARY KEY (`id`),
  ADD KEY `kas_id` (`kas_id`),
  ADD KEY `user_name` (`user_name`),
  ADD KEY `pinjam_id` (`pinjam_id`),
  ADD KEY `jns_trans` (`jns_trans`);

--
-- Indexes for table `tbl_pinjaman_h`
--
ALTER TABLE `tbl_pinjaman_h`
  ADD PRIMARY KEY (`id`),
  ADD KEY `anggota_id` (`anggota_id`),
  ADD KEY `kas_id` (`kas_id`),
  ADD KEY `user_name` (`user_name`),
  ADD KEY `jns_trans` (`jns_trans`),
  ADD KEY `barang_id` (`barang_id`);

--
-- Indexes for table `tbl_setting`
--
ALTER TABLE `tbl_setting`
  ADD PRIMARY KEY (`id`);

--
-- Indexes for table `tbl_trans_kas`
--
ALTER TABLE `tbl_trans_kas`
  ADD PRIMARY KEY (`id`),
  ADD KEY `user_name` (`user_name`),
  ADD KEY `dari_kas_id` (`dari_kas_id`,`untuk_kas_id`),
  ADD KEY `untuk_kas_id` (`untuk_kas_id`),
  ADD KEY `jns_trans` (`jns_trans`);

--
-- Indexes for table `tbl_trans_sp`
--
ALTER TABLE `tbl_trans_sp`
  ADD PRIMARY KEY (`id`),
  ADD KEY `anggota_id` (`anggota_id`),
  ADD KEY `jenis_id` (`jenis_id`),
  ADD KEY `kas_id` (`kas_id`),
  ADD KEY `user_name` (`user_name`);

--
-- Indexes for table `tbl_user`
--
ALTER TABLE `tbl_user`
  ADD PRIMARY KEY (`id`),
  ADD UNIQUE KEY `u_name` (`u_name`);

--
-- AUTO_INCREMENT for dumped tables
--

--
-- AUTO_INCREMENT for table `jns_akun`
--
ALTER TABLE `jns_akun`
  MODIFY `id` bigint(20) NOT NULL AUTO_INCREMENT, AUTO_INCREMENT=115;

--
-- AUTO_INCREMENT for table `jns_angsuran`
--
ALTER TABLE `jns_angsuran`
  MODIFY `id` bigint(20) NOT NULL AUTO_INCREMENT, AUTO_INCREMENT=16;

--
-- AUTO_INCREMENT for table `jns_simpan`
--
ALTER TABLE `jns_simpan`
  MODIFY `id` int(5) NOT NULL AUTO_INCREMENT, AUTO_INCREMENT=42;

--
-- AUTO_INCREMENT for table `nama_kas_tbl`
--
ALTER TABLE `nama_kas_tbl`
  MODIFY `id` bigint(20) NOT NULL AUTO_INCREMENT, AUTO_INCREMENT=6;

--
-- AUTO_INCREMENT for table `suku_bunga`
--
ALTER TABLE `suku_bunga`
  MODIFY `id` int(10) NOT NULL AUTO_INCREMENT, AUTO_INCREMENT=16;

--
-- AUTO_INCREMENT for table `tbl_anggota`
--
ALTER TABLE `tbl_anggota`
  MODIFY `id` bigint(20) NOT NULL AUTO_INCREMENT, AUTO_INCREMENT=8;

--
-- AUTO_INCREMENT for table `tbl_barang`
--
ALTER TABLE `tbl_barang`
  MODIFY `id` bigint(20) NOT NULL AUTO_INCREMENT, AUTO_INCREMENT=5;

--
-- AUTO_INCREMENT for table `tbl_pengajuan`
--
ALTER TABLE `tbl_pengajuan`
  MODIFY `id` bigint(20) NOT NULL AUTO_INCREMENT, AUTO_INCREMENT=2;

--
-- AUTO_INCREMENT for table `tbl_pinjaman_d`
--
ALTER TABLE `tbl_pinjaman_d`
  MODIFY `id` bigint(20) NOT NULL AUTO_INCREMENT, AUTO_INCREMENT=5;

--
-- AUTO_INCREMENT for table `tbl_pinjaman_h`
--
ALTER TABLE `tbl_pinjaman_h`
  MODIFY `id` bigint(20) NOT NULL AUTO_INCREMENT, AUTO_INCREMENT=12;

--
-- AUTO_INCREMENT for table `tbl_setting`
--
ALTER TABLE `tbl_setting`
  MODIFY `id` bigint(20) NOT NULL AUTO_INCREMENT, AUTO_INCREMENT=9;

--
-- AUTO_INCREMENT for table `tbl_trans_kas`
--
ALTER TABLE `tbl_trans_kas`
  MODIFY `id` bigint(20) NOT NULL AUTO_INCREMENT, AUTO_INCREMENT=22;

--
-- AUTO_INCREMENT for table `tbl_trans_sp`
--
ALTER TABLE `tbl_trans_sp`
  MODIFY `id` bigint(20) NOT NULL AUTO_INCREMENT, AUTO_INCREMENT=14;

--
-- AUTO_INCREMENT for table `tbl_user`
--
ALTER TABLE `tbl_user`
  MODIFY `id` bigint(20) NOT NULL AUTO_INCREMENT, AUTO_INCREMENT=9;

--
-- Constraints for dumped tables
--

--
-- Constraints for table `tbl_pengajuan`
--
ALTER TABLE `tbl_pengajuan`
  ADD CONSTRAINT `tbl_pengajuan_ibfk_1` FOREIGN KEY (`anggota_id`) REFERENCES `tbl_anggota` (`id`);

--
-- Constraints for table `tbl_pinjaman_d`
--
ALTER TABLE `tbl_pinjaman_d`
  ADD CONSTRAINT `tbl_pinjaman_d_ibfk_1` FOREIGN KEY (`pinjam_id`) REFERENCES `tbl_pinjaman_h` (`id`) ON DELETE CASCADE ON UPDATE CASCADE,
  ADD CONSTRAINT `tbl_pinjaman_d_ibfk_2` FOREIGN KEY (`kas_id`) REFERENCES `nama_kas_tbl` (`id`) ON UPDATE CASCADE,
  ADD CONSTRAINT `tbl_pinjaman_d_ibfk_3` FOREIGN KEY (`user_name`) REFERENCES `tbl_user` (`u_name`) ON DELETE CASCADE,
  ADD CONSTRAINT `tbl_pinjaman_d_ibfk_4` FOREIGN KEY (`jns_trans`) REFERENCES `jns_akun` (`id`) ON UPDATE CASCADE;

--
-- Constraints for table `tbl_pinjaman_h`
--
ALTER TABLE `tbl_pinjaman_h`
  ADD CONSTRAINT `tbl_pinjaman_h_ibfk_1` FOREIGN KEY (`anggota_id`) REFERENCES `tbl_anggota` (`id`) ON UPDATE CASCADE,
  ADD CONSTRAINT `tbl_pinjaman_h_ibfk_2` FOREIGN KEY (`kas_id`) REFERENCES `nama_kas_tbl` (`id`) ON UPDATE CASCADE,
  ADD CONSTRAINT `tbl_pinjaman_h_ibfk_3` FOREIGN KEY (`user_name`) REFERENCES `tbl_user` (`u_name`) ON UPDATE CASCADE,
  ADD CONSTRAINT `tbl_pinjaman_h_ibfk_4` FOREIGN KEY (`jns_trans`) REFERENCES `jns_akun` (`id`) ON UPDATE CASCADE,
  ADD CONSTRAINT `tbl_pinjaman_h_ibfk_5` FOREIGN KEY (`barang_id`) REFERENCES `tbl_barang` (`id`) ON UPDATE CASCADE;

--
-- Constraints for table `tbl_trans_kas`
--
ALTER TABLE `tbl_trans_kas`
  ADD CONSTRAINT `tbl_trans_kas_ibfk_2` FOREIGN KEY (`user_name`) REFERENCES `tbl_user` (`u_name`) ON UPDATE CASCADE,
  ADD CONSTRAINT `tbl_trans_kas_ibfk_3` FOREIGN KEY (`dari_kas_id`) REFERENCES `nama_kas_tbl` (`id`) ON UPDATE CASCADE,
  ADD CONSTRAINT `tbl_trans_kas_ibfk_4` FOREIGN KEY (`untuk_kas_id`) REFERENCES `nama_kas_tbl` (`id`) ON UPDATE CASCADE,
  ADD CONSTRAINT `tbl_trans_kas_ibfk_5` FOREIGN KEY (`jns_trans`) REFERENCES `jns_akun` (`id`) ON UPDATE CASCADE;

--
-- Constraints for table `tbl_trans_sp`
--
ALTER TABLE `tbl_trans_sp`
  ADD CONSTRAINT `tbl_trans_sp_ibfk_1` FOREIGN KEY (`anggota_id`) REFERENCES `tbl_anggota` (`id`) ON UPDATE CASCADE,
  ADD CONSTRAINT `tbl_trans_sp_ibfk_2` FOREIGN KEY (`kas_id`) REFERENCES `nama_kas_tbl` (`id`) ON UPDATE CASCADE,
  ADD CONSTRAINT `tbl_trans_sp_ibfk_4` FOREIGN KEY (`jenis_id`) REFERENCES `jns_simpan` (`id`) ON UPDATE CASCADE,
  ADD CONSTRAINT `tbl_trans_sp_ibfk_5` FOREIGN KEY (`user_name`) REFERENCES `tbl_user` (`u_name`) ON UPDATE CASCADE;
COMMIT;

/*!40101 SET CHARACTER_SET_CLIENT=@OLD_CHARACTER_SET_CLIENT */;
/*!40101 SET CHARACTER_SET_RESULTS=@OLD_CHARACTER_SET_RESULTS */;
/*!40101 SET COLLATION_CONNECTION=@OLD_COLLATION_CONNECTION */;
